Taxonomy	Mock.1
Amphinema byssoides	0.043496572921315
Schizosaccharomyces pombe	0.00430703817169
Tylospora asterophora	0.430663705055631
Mortierella alpina	0.000431205218586
Coprinopsis cinerea	0.00430703817169
Tricholoma vacinnium	0.043065367702729
Spizellomyces punctatus	0.043065367702729
Amanita muscaria	0.430663705055631
