Taxonomy	Mock.1
Amphinema byssoides	0.434970984428748
Schizosaccharomyces pombe	0.430664601003072
Tylospora asterophora	0.043063834256755
Mortierella alpina	0.043063834256755
Coprinopsis cinerea	0.043063834256755
Tricholoma vacinnium	0.004306383425676
Spizellomyces punctatus	0.00043326418612
Amanita muscaria	0.00043326418612
